HOME_GAME,avg_points,avg_points_allowed
False,108.26865671641791,107.98484848484848
True,109.33333333333333,110.01666666666667
